Timestamp (Epoch),Temperature (Â°C),Humidity (%),Pressure (kPa),Illuminance (lx),Latitude,Longitude,Altitude (m),Speed (km/h),Satellites
1750471465,26.51,44.90,100.83,3.23,42.3161774,-71.3346786,51.50,3.94,4
1750471466,28.35,44.86,100.83,4.52,42.3161850,-71.3347168,45.70,2.48,4
1750471467,28.35,44.90,100.83,3.87,42.3161697,-71.3347473,45.10,1.51,4
1750471468,28.37,44.88,100.83,3.23,42.3161697,-71.3347702,44.30,1.64,4
1750471469,28.39,44.78,100.83,2.58,42.3161697,-71.3347855,44.00,0.58,4
1750471470,28.39,44.84,100.83,3.23,42.3161697,-71.3348007,43.50,0.79,4
1750471471,28.41,44.82,100.83,3.23,42.3161621,-71.3348083,43.40,0.95,4
1750471472,28.44,44.81,100.83,3.87,42.3162117,-71.3347397,44.80,11.12,5
1750471473,28.43,44.78,100.83,3.87,42.3162117,-71.3347626,44.70,3.97,5
1750471474,28.44,44.81,100.83,4.52,42.3162041,-71.3347702,44.50,2.39,5
1750471475,28.46,44.79,100.83,4.52,42.3162422,-71.3347168,45.80,11.93,5
1750471476,28.43,44.71,100.83,3.23,42.3162613,-71.3347092,46.80,9.88,5
1750471477,28.44,44.71,100.83,3.87,42.3162613,-71.3347321,47.80,4.51,5
1750471478,28.44,44.74,100.83,0.00,42.3162613,-71.3347321,49.20,4.77,4
1750471479,28.46,44.71,100.83,2.58,42.3162766,-71.3347168,50.80,5.67,4
1750471480,28.46,44.75,100.83,3.87,42.3162766,-71.3347168,52.60,5.20,4
1750471481,28.48,44.79,100.83,4.52,42.3162842,-71.3347168,54.40,5.18,4
1750471482,28.48,44.67,100.83,4.52,42.3162842,-71.3347168,56.10,4.97,4
1750471483,28.50,44.71,100.83,3.87,42.3162918,-71.3347168,57.70,5.16,4
1750471484,28.46,44.71,100.83,4.52,42.3162918,-71.3347168,59.70,5.29,4
1750471485,28.50,44.76,100.83,3.87,42.3162994,-71.3347092,61.80,5.23,4
1750471486,28.48,44.65,100.83,3.87,42.3162842,-71.3347321,61.80,3.71,4
1750471487,28.50,44.63,100.83,3.23,42.3162766,-71.3347397,61.60,2.40,4
1750471488,28.48,44.59,100.83,3.23,42.3162689,-71.3347473,61.70,1.70,4
1750471489,28.54,44.63,100.83,3.87,42.3162613,-71.3347626,61.50,1.19,4
1750471490,28.52,44.64,100.83,3.87,42.3162498,-71.3347702,61.70,0.96,4
1750471491,28.54,44.73,100.83,3.87,42.3162498,-71.3347702,61.70,0.39,5
1750471492,28.52,44.64,100.83,3.23,42.3162613,-71.3347702,62.70,1.32,4
1750471493,28.54,44.67,100.83,3.23,42.3162613,-71.3347626,62.80,1.54,4
1750471494,28.54,44.62,100.83,3.87,42.3162613,-71.3347626,62.90,1.78,4
1750471495,28.50,44.60,100.83,3.87,42.3162689,-71.3347626,63.30,2.02,4
1750471496,28.57,44.65,100.83,3.23,42.3162613,-71.3347626,62.70,1.55,4
1750471497,28.52,44.58,100.83,4.52,42.3162766,-71.3347473,63.40,1.90,4
1750471498,28.52,44.64,100.83,3.23,42.3162766,-71.3347473,63.90,2.22,4
1750471499,28.55,44.68,100.83,3.87,42.3162766,-71.3347473,63.70,2.17,4
1750471500,28.54,44.63,100.83,3.23,42.3162689,-71.3347626,63.00,1.81,4
1750471501,28.55,44.59,100.83,3.87,42.3162613,-71.3347702,62.80,1.27,4
1750471502,28.57,44.51,100.83,4.52,42.3162613,-71.3347702,62.70,1.03,4
1750471503,28.55,44.58,100.83,3.87,42.3162613,-71.3347702,62.20,0.76,4
1750471504,28.54,44.55,100.83,3.87,42.3162613,-71.3347855,61.70,1.46,4
1750471505,28.55,44.53,100.83,3.87,42.3162613,-71.3348007,60.70,0.86,4
1750471506,28.55,44.57,100.83,3.87,42.3162498,-71.3348083,60.50,0.73,4
1750471507,28.57,44.54,100.83,3.87,42.3162422,-71.3348160,60.20,0.57,4
1750471508,28.57,44.52,100.83,3.87,42.3162346,-71.3348312,60.00,0.53,4
1750471509,28.59,44.59,100.83,3.87,42.3162346,-71.3348312,60.20,0.68,4
1750471510,28.54,44.52,100.83,3.87,42.3162270,-71.3348389,60.30,0.76,4
1750471511,28.54,44.60,100.83,3.23,42.3162270,-71.3348389,60.50,0.76,4
1750471512,28.54,44.51,100.83,4.52,42.3162270,-71.3348465,60.40,1.01,4
1750471513,28.55,44.58,100.83,2.58,42.3162270,-71.3348465,60.40,1.04,4
1750471514,28.59,44.51,100.83,3.87,42.3162270,-71.3348541,60.40,1.09,4
1750471515,28.59,44.50,100.84,3.87,42.3162270,-71.3348541,60.50,1.05,4
1750471516,28.61,44.56,100.83,3.23,42.3162270,-71.3348541,60.60,1.15,4
1750471517,28.59,44.61,100.83,3.23,42.3162270,-71.3348541,61.00,1.22,4
1750471518,28.55,44.62,100.83,3.87,42.3162346,-71.3348541,61.10,1.27,4
1750471519,28.55,44.49,100.83,3.87,42.3162346,-71.3348541,61.10,1.21,4
1750471520,28.59,44.54,100.83,3.87,42.3162346,-71.3348694,60.00,1.27,4
1750471521,28.61,44.51,100.83,3.23,42.3162346,-71.3348694,59.90,1.29,4
1750471522,28.57,44.53,100.83,7.74,42.3162270,-71.3348770,60.00,1.01,4
1750471523,28.54,44.46,100.83,3.87,42.3162422,-71.3348694,61.10,1.34,4
1750471524,28.57,44.53,100.83,3.87,42.3162346,-71.3348694,60.80,1.17,4
1750471525,28.59,44.58,100.84,3.87,42.3162422,-71.3348770,60.80,1.33,4
1750471526,28.54,44.56,100.83,3.23,42.3162346,-71.3348846,60.60,1.07,4
1750471527,28.59,44.57,100.83,3.87,42.3162270,-71.3348846,60.40,0.92,4
1750471528,28.57,44.46,100.83,4.52,42.3162270,-71.3348846,60.80,0.94,4
1750471529,28.57,44.61,100.83,3.87,42.3162193,-71.3349075,60.70,0.91,4
1750471530,28.57,44.44,100.83,3.87,42.3162193,-71.3349152,61.20,0.59,4
1750471531,28.55,44.54,100.83,3.23,42.3162117,-71.3349228,61.30,0.40,4
1750471532,28.59,44.57,100.83,3.87,42.3162041,-71.3349228,61.60,0.65,4
1750471533,28.59,44.62,100.83,3.87,42.3162041,-71.3349457,61.90,1.67,4
1750471534,28.59,44.52,100.83,3.87,42.3162117,-71.3349457,62.80,1.54,4
1750471535,28.59,44.50,100.83,2.58,42.3161964,-71.3349533,60.40,1.19,3
1750471536,28.59,44.53,100.83,3.23,42.3161964,-71.3349686,60.50,1.49,3
1750471537,28.57,44.56,100.83,3.23,42.3162041,-71.3349686,60.60,1.80,3
1750471538,28.57,44.61,100.83,3.23,42.3161964,-71.3349686,60.70,1.44,3
1750471539,28.57,44.60,100.83,3.87,42.3162041,-71.3349686,60.80,1.62,3
1750471540,28.57,44.50,100.83,3.87,42.3161964,-71.3349686,60.90,0.52,3
1750471541,28.61,44.58,100.83,3.23,42.3161964,-71.3349762,61.10,1.18,3
1750471542,28.55,44.53,100.83,3.23,42.3161964,-71.3349762,61.20,1.46,3
1750471543,28.57,44.58,100.83,2.58,42.3161964,-71.3349838,61.40,2.31,5
1750471544,28.55,44.56,100.83,2.58,42.3162041,-71.3349762,60.90,2.66,5
1750471545,28.57,44.60,100.83,3.23,42.3162422,-71.3348846,60.90,4.69,5
1750471546,28.59,44.54,100.83,3.23,42.3162613,-71.3348694,61.10,4.64,5
1750471547,28.61,44.56,100.83,2.58,42.3162613,-71.3348465,60.90,3.08,4
1750471548,28.57,44.55,100.83,2.58,42.3162766,-71.3348389,60.90,1.67,4
1750471549,28.57,44.53,100.83,2.58,42.3162613,-71.3348465,60.80,1.27,4
1750471550,28.59,44.54,100.83,3.87,42.3162613,-71.3348389,60.80,1.66,4
1750471551,28.61,44.59,100.83,4.52,42.3162689,-71.3348465,60.70,0.91,4
1750471554,28.55,44.56,100.83,3.87,42.3162613,-71.3348312,60.70,0.93,3
1750471555,28.52,44.58,100.83,3.23,42.3162613,-71.3348160,60.60,1.23,3
1750471556,28.55,44.64,100.83,3.23,42.3162766,-71.3347702,60.60,3.50,3
1750471557,28.61,44.60,100.83,2.58,42.3162842,-71.3347702,60.60,2.85,3
1750471558,28.57,44.48,100.83,3.23,42.3162842,-71.3347626,60.40,2.58,3
1750471559,28.55,44.58,100.83,3.23,42.3162766,-71.3347855,60.30,1.19,3
1750471560,28.57,44.56,100.83,2.58,42.3162766,-71.3348007,60.30,0.72,3
1750471561,28.59,44.68,100.83,1.94,42.3162613,-71.3348083,60.20,0.86,3
1750471566,28.57,44.61,100.83,2.58,42.3161964,-71.3348083,59.70,1.67,3
1750471567,28.52,44.48,100.83,2.58,42.3161697,-71.3347702,59.00,1.99,3
1750471568,28.55,44.64,100.83,1.94,42.3161469,-71.3347855,58.80,1.19,3
1750471569,28.52,44.62,100.83,1.94,42.3160896,-71.3348389,58.90,1.07,3
1750471570,28.57,44.59,100.83,1.94,42.3160553,-71.3348389,59.20,1.27,3
1750471571,28.52,44.56,100.83,1.94,42.3160057,-71.3348541,59.10,1.87,3
1750471574,28.55,44.59,100.83,2.58,42.3159523,-71.3349075,58.90,3.99,3
1750471575,28.54,44.64,100.83,1.94,42.3159599,-71.3348770,59.60,3.05,3
1750471576,28.54,44.68,100.83,1.94,42.3159523,-71.3349152,60.20,2.72,3
1750471577,28.54,44.52,100.83,1.94,42.3159332,-71.3349075,59.70,2.58,3
1750471578,28.55,44.56,100.83,3.87,42.3159332,-71.3349075,60.00,2.96,3
1750471579,28.55,44.71,100.83,1.94,42.3159256,-71.3349075,60.20,4.05,3
1750471580,28.55,44.57,100.83,1.94,42.3159027,-71.3349075,59.70,3.62,3
1750471581,28.54,44.63,100.83,1.94,42.3158951,-71.3348846,59.60,3.68,4
1750471582,28.50,44.64,100.83,1.94,42.3158836,-71.3348846,59.40,4.52,4
1750471583,28.55,44.63,100.83,1.94,42.3159027,-71.3348694,60.30,3.29,4
1750471584,28.59,44.59,100.83,1.94,42.3159332,-71.3348389,62.00,2.16,4
1750471585,28.50,44.66,100.83,1.94,42.3159904,-71.3348007,62.10,3.16,4
1750471586,28.52,44.59,100.83,1.29,42.3160400,-71.3347626,63.20,0.39,4
1750471587,28.55,44.66,100.83,0.65,42.3160553,-71.3347397,63.60,0.47,4
1750471588,28.54,44.59,100.83,1.94,42.3160553,-71.3347321,63.60,0.54,4
1750471589,28.54,44.63,100.84,1.29,42.3160744,-71.3347168,63.70,0.74,4
1750471590,28.54,44.73,100.84,1.94,42.3160896,-71.3347015,63.80,0.47,3
1750471591,28.57,44.67,100.84,1.29,42.3161049,-71.3347015,64.10,0.62,3
1750471592,28.55,44.66,100.84,1.29,42.3161049,-71.3347015,64.30,0.22,3
1750471593,28.52,44.52,100.84,2.58,42.3161049,-71.3347015,64.30,0.24,3
1750471594,28.55,44.55,100.84,1.94,42.3161049,-71.3347015,64.20,0.20,3
1750471595,28.48,44.58,100.84,1.94,42.3160973,-71.3347168,63.90,2.31,4
1750471596,28.44,44.57,100.84,1.94,42.3161049,-71.3347015,64.00,0.66,4
1750471597,28.44,44.62,100.84,1.94,42.3161049,-71.3346863,63.90,0.32,4
1750471598,28.46,44.60,100.84,1.94,42.3161049,-71.3346786,63.90,0.19,4
1750471599,28.43,44.56,100.84,2.58,42.3161125,-71.3346710,64.10,0.09,5
1750471600,28.46,44.62,100.84,1.94,42.3161125,-71.3346634,64.30,0.04,5
1750471601,28.44,44.73,100.84,1.94,42.3161125,-71.3346634,64.20,0.11,5
1750471602,28.46,44.70,100.84,2.58,42.3161125,-71.3346405,64.20,0.08,5
1750471603,28.50,44.63,100.84,2.58,42.3161125,-71.3346405,64.10,0.09,5
1750471604,28.48,44.68,100.84,1.94,42.3161125,-71.3346405,64.00,0.01,5
1750471605,28.50,44.51,100.84,1.94,42.3161125,-71.3346405,63.90,0.06,5
1750471606,28.48,44.69,100.84,1.94,42.3161201,-71.3346405,63.90,0.04,5
1750471607,28.50,44.61,100.83,1.94,42.3161201,-71.3346329,63.90,0.02,5
1750471608,28.48,44.61,100.84,4.52,42.3161201,-71.3346329,63.80,0.09,5
1750471609,28.48,44.69,100.84,1.94,42.3161201,-71.3346329,63.80,0.07,5
1750471610,28.48,44.57,100.84,1.29,42.3161201,-71.3346329,63.70,0.06,5
1750471611,28.44,44.55,100.84,1.94,42.3161201,-71.3346329,63.60,0.06,5
1750471612,28.48,44.53,100.84,1.29,42.3161201,-71.3346329,63.60,0.06,5
1750471613,28.43,44.51,100.84,1.94,42.3161201,-71.3346252,63.50,0.01,5
1750471614,28.44,44.52,100.84,2.58,42.3161278,-71.3346252,63.30,0.18,5
1750471615,28.44,44.58,100.84,1.94,42.3161278,-71.3346252,63.20,0.04,5
1750471616,28.44,44.52,100.84,1.94,42.3161278,-71.3346252,63.20,0.04,5
1750471617,28.48,44.65,100.83,1.94,42.3161278,-71.3346252,63.10,0.08,5
1750471618,28.44,44.50,100.83,2.58,42.3161278,-71.3346252,63.00,0.14,5
1750471619,28.48,44.53,100.84,1.94,42.3161278,-71.3346252,62.90,0.07,5
1750471620,28.44,44.57,100.84,1.94,42.3161278,-71.3346252,62.70,0.59,4
1750471621,28.44,44.52,100.84,1.94,42.3161278,-71.3346252,63.40,0.64,6
1750471629,28.43,44.52,100.84,1.94,42.3161125,-71.3346329,66.30,0.36,7
1750471630,28.24,44.78,100.84,1.94,42.3161125,-71.3346329,66.40,0.17,7
1750471631,28.26,44.82,100.83,1.94,42.3161125,-71.3346329,66.50,0.08,7
1750471632,28.26,44.62,100.84,1.94,42.3161125,-71.3346329,66.70,0.09,6
1750471633,28.28,44.71,100.84,2.58,42.3161125,-71.3346329,66.70,0.29,7
1750471634,28.30,44.78,100.84,1.94,42.3161125,-71.3346329,67.30,0.54,7
1750471635,28.26,44.69,100.84,1.94,42.3161125,-71.3346329,67.80,0.53,7
1750471636,28.24,44.73,100.84,1.94,42.3161125,-71.3346329,68.20,0.24,7
1750471637,28.22,44.65,100.84,1.94,42.3161125,-71.3346329,68.30,0.21,7
1750471638,28.20,44.80,100.84,1.94,42.3161125,-71.3346329,68.50,0.12,7
1750471639,28.19,44.85,100.84,2.58,42.3161125,-71.3346329,68.70,0.10,7
1750471640,28.11,44.65,100.84,2.58,42.3161125,-71.3346329,68.80,0.09,7
1750471641,28.11,44.70,100.84,2.58,42.3161125,-71.3346329,69.00,0.14,7
1750471642,28.06,44.71,100.84,2.58,42.3161125,-71.3346329,69.20,0.21,7
1750471643,28.04,44.78,100.84,1.94,42.3161125,-71.3346329,69.30,0.10,7
1750471644,27.98,44.76,100.84,1.94,42.3161125,-71.3346329,69.40,0.01,7
1750471645,27.98,44.62,100.84,1.94,42.3161125,-71.3346329,69.60,0.11,7
1750471646,27.98,44.74,100.83,2.58,42.3161049,-71.3346329,69.80,0.16,7
1750471647,27.93,44.79,100.84,1.29,42.3161049,-71.3346329,69.90,0.21,7
1750471648,27.97,44.85,100.84,1.94,42.3161049,-71.3346329,70.10,0.20,7
1750471649,27.95,44.72,100.84,1.94,42.3161049,-71.3346329,70.10,0.21,7
1750471650,27.93,44.74,100.84,1.94,42.3161049,-71.3346329,70.20,0.07,7
1750471651,27.89,44.83,100.84,1.29,42.3161049,-71.3346329,70.30,0.08,8
1750471652,27.89,44.92,100.84,1.29,42.3161049,-71.3346329,70.40,0.09,8
1750471653,27.85,44.94,100.84,1.94,42.3161049,-71.3346329,70.50,0.10,8
1750471654,27.78,44.82,100.84,1.94,42.3161049,-71.3346329,70.50,0.05,8
1750471655,27.82,44.88,100.84,1.94,42.3161049,-71.3346329,70.50,0.10,8
1750471656,27.80,44.97,100.84,1.94,42.3161049,-71.3346329,70.60,0.13,8
1750471657,27.82,44.87,100.84,3.23,42.3161049,-71.3346329,70.70,0.01,7
1750471658,27.82,45.05,100.84,1.29,42.3161049,-71.3346329,70.80,0.12,7
1750471665,27.69,45.05,100.84,1.29,42.3160973,-71.3346252,72.60,0.10,9
1750471666,27.67,45.18,100.84,2.58,42.3160973,-71.3346252,72.60,0.13,8
1750471667,27.65,45.06,100.84,1.94,42.3160973,-71.3346252,72.60,0.13,8
1750471668,27.63,45.03,100.84,1.29,42.3160973,-71.3346252,72.60,0.10,9
1750471669,27.63,45.13,100.84,1.94,42.3160973,-71.3346252,72.60,0.20,8
1750471670,27.58,45.26,100.84,2.58,42.3160973,-71.3346252,72.60,0.08,8
1750471671,27.63,45.13,100.84,1.94,42.3160973,-71.3346252,72.70,0.09,8
1750471672,27.60,45.23,100.84,1.94,42.3160973,-71.3346252,72.70,0.02,7
1750471673,27.60,45.22,100.83,0.00,42.3160973,-71.3346252,72.80,0.03,7
1750471674,27.60,45.37,100.83,1.94,42.3160973,-71.3346252,72.80,0.19,8
1750471675,27.60,45.33,100.84,1.94,42.3160896,-71.3346252,72.50,0.11,7
1750471676,27.58,45.41,100.83,1.94,42.3160896,-71.3346329,72.30,0.04,7
1750471677,27.58,45.25,100.84,1.94,42.3160896,-71.3346329,72.40,0.55,8
1750471678,27.58,45.41,100.84,1.94,42.3160896,-71.3346329,72.70,0.82,8
1750471679,27.51,45.31,100.84,1.94,42.3160896,-71.3346329,72.50,0.40,7
1750471680,27.49,45.31,100.84,1.29,42.3160896,-71.3346329,72.50,0.33,7
1750471681,27.51,45.35,100.84,1.94,42.3160896,-71.3346405,72.40,0.19,7
1750471682,27.47,45.50,100.84,1.94,42.3160896,-71.3346405,72.40,0.09,7
1750471683,27.45,45.50,100.83,1.94,42.3160896,-71.3346405,72.40,0.09,7
1750471684,27.38,45.48,100.84,1.94,42.3160896,-71.3346405,72.30,0.02,7
1750471685,27.41,45.47,100.84,1.29,42.3160896,-71.3346405,72.30,0.04,7
1750471686,27.40,45.52,100.84,1.94,42.3160896,-71.3346405,72.40,0.11,7
1750471687,27.36,45.46,100.84,1.29,42.3160896,-71.3346405,72.30,0.08,7
1750471688,27.32,45.68,100.84,1.94,42.3160896,-71.3346405,72.40,0.07,7
1750471689,27.30,45.69,100.83,1.94,42.3160896,-71.3346634,72.50,0.04,7
1750471690,27.25,45.61,100.84,1.94,42.3160896,-71.3346634,72.60,0.01,7
1750471691,27.23,45.64,100.84,1.29,42.3160896,-71.3346634,72.60,0.04,7
1750471692,27.23,45.84,100.83,2.58,42.3160896,-71.3346634,72.70,0.10,7
1750471693,27.19,45.75,100.84,1.94,42.3160896,-71.3346634,72.60,0.02,7
1750471694,27.19,45.68,100.84,2.58,42.3160896,-71.3346634,72.70,0.13,7
1750471695,27.19,45.84,100.84,1.94,42.3160896,-71.3346634,72.70,0.09,7
1750471696,27.14,45.83,100.84,2.58,42.3160896,-71.3346634,72.60,0.03,7
1750471697,27.14,45.87,100.83,1.94,42.3160896,-71.3346634,72.50,0.04,7
1750471698,27.10,46.10,100.84,2.58,42.3160896,-71.3346634,72.50,0.07,7
1750471699,27.06,46.01,100.84,2.58,42.3160896,-71.3346634,72.40,0.09,7
1750471700,27.05,46.14,100.84,1.29,42.3160896,-71.3346634,72.40,0.08,7
1750471701,27.05,46.21,100.84,1.94,42.3160896,-71.3346634,72.30,0.10,7
1750471702,27.03,45.97,100.84,1.94,42.3160896,-71.3346634,72.40,0.12,7
1750471703,26.97,46.04,100.84,1.94,42.3160896,-71.3346634,72.50,0.09,7
1750471704,26.95,46.21,100.83,1.94,42.3160973,-71.3346634,72.60,0.21,7
1750471705,26.94,46.44,100.84,2.58,42.3160973,-71.3346634,72.70,0.11,7
1750471706,26.90,46.26,100.84,1.94,42.3160973,-71.3346634,72.80,0.09,7
1750471707,26.90,46.35,100.84,1.94,42.3160973,-71.3346405,72.90,0.02,7
1750471708,26.82,46.46,100.84,0.65,42.3160973,-71.3346405,73.00,0.11,7
1750471709,26.84,46.28,100.84,1.29,42.3160973,-71.3346405,73.10,0.07,7
1750471710,26.82,46.31,100.84,1.94,42.3160973,-71.3346405,73.20,0.03,7
1750471711,26.84,46.41,100.84,1.94,42.3160973,-71.3346405,73.30,0.01,7
1750471712,26.82,46.48,100.84,1.94,42.3160973,-71.3346405,73.30,0.06,7
1750471713,26.79,46.51,100.84,1.94,42.3160973,-71.3346405,73.20,0.03,7
1750471714,26.86,46.56,100.84,1.94,42.3160973,-71.3346405,73.20,0.11,7
1750471715,26.82,46.36,100.84,1.94,42.3160973,-71.3346405,73.10,0.11,7
1750471716,26.82,46.60,100.84,1.94,42.3160973,-71.3346405,73.10,0.13,7
1750471717,26.81,46.68,100.84,2.58,42.3160973,-71.3346405,73.00,0.11,7
1750471718,26.79,46.61,100.83,1.94,42.3161049,-71.3346405,72.90,0.10,7
1750471719,26.81,46.77,100.83,1.94,42.3161049,-71.3346405,72.80,0.14,7
1750471720,26.79,46.76,100.84,1.94,42.3161049,-71.3346405,72.70,0.08,7
1750471721,26.79,46.63,100.84,1.94,42.3161049,-71.3346405,72.70,0.18,7
1750471722,26.75,46.71,100.83,1.94,42.3161049,-71.3346405,72.70,0.23,7
1750471723,26.73,46.78,100.84,1.94,42.3161049,-71.3346405,72.80,0.01,7
1750471724,26.68,46.66,100.84,1.94,42.3161049,-71.3346405,72.80,0.10,7
1750471725,26.62,46.81,100.83,1.94,42.3161049,-71.3346405,72.80,0.02,7
1750471726,26.59,46.65,100.83,0.65,42.3161049,-71.3346405,72.90,0.15,7
1750471727,26.60,46.65,100.83,1.94,42.3161049,-71.3346405,73.00,0.04,7
1750471728,26.60,46.76,100.84,1.94,42.3161049,-71.3346405,73.00,0.13,7
1750471729,26.62,46.87,100.84,1.94,42.3161049,-71.3346405,73.10,0.06,7
1750471730,26.55,46.75,100.84,1.94,42.3161049,-71.3346405,73.10,0.14,7
1750471731,26.57,46.95,100.83,1.94,42.3161049,-71.3346405,73.10,0.05,7
1750471732,26.49,46.87,100.84,1.94,42.3161049,-71.3346329,73.10,0.19,7
1750471733,26.51,46.88,100.83,1.94,42.3161049,-71.3346329,73.10,0.21,7
1750471734,26.46,46.84,100.83,1.94,42.3161049,-71.3346329,73.20,0.19,7
1750471735,26.46,46.99,100.83,1.94,42.3161049,-71.3346329,73.10,0.27,7
1750471736,26.46,47.09,100.84,1.94,42.3161049,-71.3346329,73.10,0.15,7
1750471737,26.36,47.10,100.84,1.94,42.3161049,-71.3346329,73.10,0.13,7
1750471738,26.40,47.11,100.84,1.94,42.3161049,-71.3346329,73.00,0.21,7
1750471739,26.40,46.99,100.84,1.94,42.3161049,-71.3346329,73.00,0.21,7
1750471740,26.35,47.15,100.84,1.94,42.3161049,-71.3346329,73.10,0.18,7
1750471741,26.40,47.10,100.83,1.94,42.3161049,-71.3346329,73.10,0.23,7
1750471742,26.36,47.18,100.83,1.29,42.3161049,-71.3346329,73.10,0.18,7
1750471743,26.38,47.26,100.83,1.94,42.3161049,-71.3346329,73.20,0.24,8
1750471744,26.40,47.01,100.83,1.94,42.3161049,-71.3346329,73.20,0.21,8
1750471745,26.35,47.14,100.83,1.94,42.3161049,-71.3346329,73.20,0.14,8
1750471746,26.36,47.42,100.83,1.94,42.3161049,-71.3346329,73.10,0.27,8
1750471747,26.35,47.26,100.83,1.94,42.3161049,-71.3346329,73.10,0.24,8
1750471748,26.29,47.35,100.83,1.94,42.3161049,-71.3346329,73.10,0.12,8
1750471749,26.29,47.29,100.84,2.58,42.3160896,-71.3346329,75.60,3.43,8
1750471750,26.29,47.44,100.84,1.94,42.3160896,-71.3346252,75.70,1.27,8
1750471751,26.25,47.43,100.83,1.29,42.3160896,-71.3346252,75.70,1.10,8
1750471752,26.25,47.49,100.84,1.94,42.3160896,-71.3346252,75.70,0.56,8
1750471753,26.24,47.61,100.83,1.29,42.3160896,-71.3346329,75.70,0.36,8
1750471754,26.22,47.45,100.84,1.94,42.3160896,-71.3346329,75.70,0.38,8
1750471755,26.22,47.35,100.84,1.94,42.3160896,-71.3346329,75.50,0.01,8
1750471756,26.22,47.49,100.84,1.94,42.3160896,-71.3346329,75.40,0.11,8
1750471757,26.20,47.56,100.84,1.94,42.3160896,-71.3346329,75.30,0.05,8
1750471758,26.20,47.59,100.84,1.94,42.3160896,-71.3346329,75.30,0.01,8
1750471759,26.18,47.66,100.83,1.94,42.3160896,-71.3346329,75.30,0.30,8
1750471760,26.20,47.68,100.83,0.65,42.3160896,-71.3346329,75.00,0.11,8
1750471761,26.20,47.61,100.83,1.94,42.3160896,-71.3346329,74.60,0.15,8
1750471762,26.20,47.65,100.83,1.94,42.3160896,-71.3346329,74.10,0.17,8
1750471763,26.20,47.84,100.83,1.94,42.3160896,-71.3346329,73.70,0.27,8
1750471764,26.16,47.69,100.83,2.58,42.3160896,-71.3346329,73.20,0.24,8
1750471765,26.14,47.76,100.84,1.94,42.3160896,-71.3346329,72.90,0.24,8
1750471766,26.18,47.65,100.83,1.94,42.3160820,-71.3346329,72.60,0.16,8
1750471767,26.14,47.56,100.84,1.94,42.3160820,-71.3346329,72.30,0.19,8
1750471768,26.14,47.61,100.84,1.94,42.3160820,-71.3346405,72.00,0.12,8
1750471769,26.13,47.92,100.84,1.94,42.3160820,-71.3346405,71.80,0.09,8
1750471770,26.14,47.72,100.83,1.94,42.3160744,-71.3346405,71.50,0.23,8
1750471771,26.14,47.67,100.83,2.58,42.3160744,-71.3346405,71.30,0.21,8
1750471772,26.11,47.86,100.84,0.65,42.3160744,-71.3346405,71.10,0.19,8
1750471773,26.09,47.81,100.83,1.94,42.3160744,-71.3346405,71.00,0.11,8
1750471774,26.11,47.97,100.83,1.94,42.3160744,-71.3346405,70.90,0.06,7
1750471775,26.11,47.93,100.84,1.94,42.3160744,-71.3346405,71.00,0.10,7
1750471776,26.13,47.90,100.83,1.94,42.3160744,-71.3346405,71.10,0.08,8
1750471777,26.07,48.09,100.83,1.94,42.3160744,-71.3346405,71.00,0.12,8
1750471778,26.13,48.01,100.83,1.94,42.3160629,-71.3346405,71.00,0.09,8
1750471779,26.09,47.86,100.83,1.29,42.3160629,-71.3346405,71.00,0.05,8
1750471780,26.09,48.09,100.84,1.94,42.3160553,-71.3346405,71.50,0.14,8
1750471781,26.03,48.03,100.83,2.58,42.3160553,-71.3346329,71.70,0.07,8
1750471782,26.05,47.93,100.84,1.94,42.3160553,-71.3346405,71.90,0.29,7
1750471783,26.05,47.95,100.83,1.94,42.3160553,-71.3346405,71.80,0.61,7
1750471784,25.96,48.15,100.83,1.94,42.3160553,-71.3346329,72.30,0.27,8
1750471785,25.98,48.15,100.83,1.29,42.3160477,-71.3346329,72.60,0.05,8
1750471786,25.94,48.25,100.83,1.94,42.3160477,-71.3346329,72.50,0.08,8
1750471787,25.89,48.08,100.83,1.94,42.3160553,-71.3346329,72.40,0.01,8
1750471788,25.94,48.20,100.84,1.94,42.3160553,-71.3346329,72.10,0.09,8
1750471789,25.89,48.23,100.83,1.94,42.3160553,-71.3346329,71.90,0.12,8
1750471790,25.90,48.35,100.83,1.94,42.3160553,-71.3346329,71.80,0.12,8
1750471791,25.81,48.33,100.83,1.94,42.3160553,-71.3346252,71.80,0.06,8
1750471792,25.81,48.48,100.83,1.94,42.3160629,-71.3346252,71.80,0.13,8
1750471793,25.85,48.47,100.84,1.94,42.3160629,-71.3346252,71.60,0.06,8
1750471794,25.85,48.45,100.83,1.94,42.3160629,-71.3346252,71.50,0.31,8
1750471795,25.85,48.54,100.84,1.29,42.3160629,-71.3346252,72.40,0.78,8
1750471796,25.83,48.67,100.84,7.10,42.3160553,-71.3346252,72.80,0.21,8
1750471797,25.83,48.77,100.83,0.00,42.3160553,-71.3346100,73.60,0.33,7
1750471798,25.83,48.73,100.83,1.29,42.3160553,-71.3346100,74.40,0.37,8
1750471799,25.79,48.68,100.84,1.94,42.3160477,-71.3346100,75.40,0.25,8
1750471800,25.79,48.60,100.83,1.94,42.3160477,-71.3346100,75.70,0.16,8
1750471801,25.78,48.67,100.84,1.29,42.3160477,-71.3346100,76.10,0.09,7
1750471802,25.78,48.73,100.84,1.94,42.3160477,-71.3346100,76.20,0.03,7
1750471803,25.74,48.72,100.84,1.94,42.3160477,-71.3346100,76.60,0.08,7
1750471804,25.78,48.75,100.84,1.94,42.3160477,-71.3346024,77.30,0.15,7
1750471805,25.78,48.82,100.84,1.94,42.3160400,-71.3346024,77.50,0.10,7
1750471806,25.78,48.68,100.84,1.94,42.3160400,-71.3346024,77.70,0.05,7
1750471807,25.78,48.88,100.83,1.94,42.3160400,-71.3346024,78.10,0.13,7
1750471808,25.74,48.95,100.83,1.94,42.3160400,-71.3346024,78.80,0.05,8
1750471809,25.72,48.79,100.83,1.94,42.3160400,-71.3346024,79.40,0.09,8
1750471810,25.72,48.86,100.83,1.94,42.3160400,-71.3346024,79.50,0.07,8
1750471811,25.74,48.80,100.83,1.29,42.3160400,-71.3346100,79.60,0.13,8
1750471812,25.74,48.98,100.84,1.94,42.3160400,-71.3346100,79.70,0.05,8
1750471813,25.70,48.91,100.83,1.94,42.3160324,-71.3346100,79.80,0.09,8
1750471814,25.70,48.99,100.83,1.94,42.3160324,-71.3346100,79.90,0.14,8
1750471815,25.72,49.06,100.83,1.94,42.3160324,-71.3346100,80.50,0.38,7
1750471816,25.63,49.22,100.83,1.94,42.3160324,-71.3346100,80.00,0.54,7
1750471817,25.65,49.08,100.83,1.94,42.3160324,-71.3346100,79.60,0.29,8
1750471818,25.61,49.11,100.83,1.94,42.3160324,-71.3346100,79.20,0.38,7
1750471819,25.61,49.14,100.84,1.94,42.3160324,-71.3346100,79.00,0.31,7
1750471820,25.57,49.31,100.84,1.94,42.3160324,-71.3346100,79.20,0.29,8
1750471821,25.56,49.30,100.84,2.58,42.3160324,-71.3346100,79.90,1.19,8
1750471822,25.54,49.44,100.83,1.94,42.3160324,-71.3346100,79.80,0.10,8
1750471823,25.50,49.37,100.83,2.58,42.3160324,-71.3346100,79.90,0.02,8
1750471824,25.52,49.35,100.83,1.94,42.3160324,-71.3346100,79.70,0.41,8
1750471825,25.52,49.40,100.84,1.94,42.3160248,-71.3346100,80.30,0.27,8
1750471826,25.50,49.44,100.84,1.29,42.3160248,-71.3346100,80.90,0.25,7
1750471827,25.50,49.31,100.83,1.94,42.3160248,-71.3346100,80.60,0.44,7
1750471828,25.50,49.51,100.83,1.94,42.3160248,-71.3346100,80.60,0.21,8
1750471829,25.50,49.37,100.83,1.94,42.3160248,-71.3346100,80.50,0.19,8
1750471830,25.50,49.53,100.83,1.94,42.3160248,-71.3346100,80.90,0.19,8
1750471831,25.54,49.70,100.84,2.58,42.3160248,-71.3346100,80.50,0.09,8
1750471832,25.52,49.68,100.83,1.94,42.3160172,-71.3346100,80.90,0.16,8
1750471833,25.48,49.43,100.83,0.00,42.3160057,-71.3346100,81.40,0.16,8
1750471834,25.46,49.75,100.84,3.23,42.3160057,-71.3346100,81.70,0.08,8
1750471835,25.44,49.63,100.83,1.94,42.3160057,-71.3346100,81.70,0.01,8
1750471836,25.46,49.73,100.83,1.94,42.3160057,-71.3346100,81.60,0.10,8
1750471837,25.46,49.64,100.83,2.58,42.3160057,-71.3346100,81.50,0.01,8
1750471838,25.48,49.79,100.83,1.94,42.3160057,-71.3346252,81.50,0.09,8
1750471839,25.48,49.73,100.83,2.58,42.3160057,-71.3346252,81.40,0.07,8
1750471840,25.48,49.61,100.83,1.94,42.3160057,-71.3346252,81.20,0.01,8
1750471841,25.46,49.85,100.84,1.94,42.3160057,-71.3346252,80.90,0.02,8
1750471842,25.46,49.80,100.83,1.29,42.3160057,-71.3346252,80.80,0.05,8
1750471843,25.44,49.96,100.83,1.94,42.3160057,-71.3346252,80.80,0.05,8
1750471844,25.44,49.94,100.83,1.29,42.3160057,-71.3346329,80.90,0.04,8
1750471845,25.43,49.91,100.83,1.94,42.3160057,-71.3346329,80.60,0.06,8
1750471846,25.43,49.93,100.83,1.94,42.3160057,-71.3346329,80.50,0.11,8
1750471847,25.41,49.96,100.84,3.23,42.3160057,-71.3346329,80.00,0.04,8
1750471848,25.41,49.77,100.83,1.94,42.3160057,-71.3346329,80.30,0.04,8
1750471849,25.41,49.92,100.84,1.94,42.3160057,-71.3346329,80.40,0.14,8
1750471850,25.41,49.95,100.83,1.94,42.3160057,-71.3346405,80.20,0.10,8
1750471851,25.43,49.91,100.84,1.94,42.3160057,-71.3346405,80.50,0.03,8
1750471852,25.43,50.00,100.83,2.58,42.3160172,-71.3346405,80.30,0.24,8
1750471853,25.41,50.10,100.83,1.94,42.3160172,-71.3346405,80.30,0.13,8
1750471854,25.39,49.75,100.83,1.29,42.3160172,-71.3346405,80.40,0.14,8
1750471855,25.41,49.94,100.84,0.00,42.3160172,-71.3346405,80.50,0.27,8
1750471856,25.39,50.09,100.83,1.94,42.3160172,-71.3346405,80.60,0.12,8
1750471857,25.35,50.19,100.83,2.58,42.3160172,-71.3346405,80.60,0.07,8
1750471858,25.41,49.97,100.83,1.94,42.3160172,-71.3346405,80.60,0.41,8
1750471859,25.41,50.12,100.83,1.29,42.3160172,-71.3346405,80.60,0.11,8
1750471860,25.35,50.27,100.83,1.94,42.3160248,-71.3346405,80.10,0.35,8
1750471861,25.32,50.26,100.83,1.94,42.3160248,-71.3346634,79.70,0.76,8
1750471862,25.32,50.25,100.83,1.94,42.3160248,-71.3346634,79.80,0.04,8
1750471863,25.32,50.25,100.83,2.58,42.3160248,-71.3346634,79.80,0.15,8
1750471864,25.33,50.38,100.83,1.94,42.3160248,-71.3346634,79.80,0.16,8
1750471865,25.32,50.26,100.83,1.94,42.3160248,-71.3346634,80.10,0.16,8
1750471866,25.32,50.39,100.83,1.94,42.3160248,-71.3346634,80.20,0.21,8
1750471867,25.33,50.34,100.83,1.94,42.3160248,-71.3346634,80.40,0.31,8
1750471868,25.37,50.34,100.83,1.94,42.3160248,-71.3346710,80.70,0.20,8
1750471869,25.33,50.54,100.83,1.94,42.3160248,-71.3346710,80.70,0.19,8
1750471870,25.30,50.45,100.83,0.00,42.3160248,-71.3346634,80.40,0.33,8
1750471871,25.30,50.40,100.83,1.94,42.3160324,-71.3346634,79.70,0.75,8
1750471872,25.30,50.58,100.83,1.94,42.3160324,-71.3346710,79.40,0.63,7
1750471873,25.28,50.50,100.83,1.94,42.3160400,-71.3346710,78.90,0.46,7
1750471874,25.30,50.58,100.84,1.94,42.3160400,-71.3346710,77.60,0.25,7
1750471875,25.32,50.49,100.83,0.65,42.3160477,-71.3346710,76.80,0.26,7
1750471876,25.32,50.48,100.83,1.94,42.3160553,-71.3346710,76.00,0.15,7
1750471877,25.30,50.56,100.84,2.58,42.3160553,-71.3346710,75.20,0.55,7
1750471878,25.33,50.61,100.83,1.94,42.3160629,-71.3346634,74.60,0.77,7
1750471879,25.30,50.50,100.83,1.94,42.3160744,-71.3346634,74.00,0.40,7
1750471880,25.30,50.59,100.83,1.94,42.3160744,-71.3346634,73.40,0.87,8
1750471881,25.32,50.73,100.83,1.94,42.3160820,-71.3346634,71.90,2.26,7
1750471882,25.28,50.58,100.83,1.94,42.3160973,-71.3346710,70.80,3.11,9
1750471883,25.28,50.65,100.83,1.94,42.3161049,-71.3346634,71.90,4.45,8
1750471884,25.26,50.60,100.83,1.94,42.3161125,-71.3346634,71.80,2.34,8
1750471885,25.24,50.55,100.83,1.94,42.3161201,-71.3346634,72.10,3.75,7
1750471886,25.26,50.66,100.83,1.94,42.3161278,-71.3346710,72.40,1.59,6
1750471887,25.26,50.74,100.83,1.94,42.3161201,-71.3346710,72.30,1.53,6
1750471888,25.28,50.94,100.83,2.58,42.3161201,-71.3346710,72.30,1.16,8
1750471889,25.26,50.76,100.83,1.94,42.3161201,-71.3346710,72.00,0.86,7
1750471890,25.22,50.82,100.83,1.94,42.3161201,-71.3346634,71.70,0.99,8
1750471891,25.22,50.68,100.83,1.94,42.3161125,-71.3346634,72.40,0.49,8
1750471892,25.24,50.76,100.83,1.29,42.3161278,-71.3346710,72.10,3.43,8
1750471893,25.24,50.87,100.83,1.94,42.3161392,-71.3346710,71.70,1.39,7
1750471894,25.24,50.92,100.83,1.94,42.3161392,-71.3346710,71.40,0.76,7
1750471895,25.22,50.82,100.83,2.58,42.3161392,-71.3346786,71.50,5.87,7
1750471896,25.21,50.84,100.84,2.58,42.3161278,-71.3347015,71.30,3.67,6
1750471897,25.19,50.82,100.83,1.29,42.3161392,-71.3347015,70.50,2.18,7
1750471898,25.17,51.07,100.83,1.94,42.3161469,-71.3347092,69.90,2.24,7
1750471899,25.17,50.80,100.83,1.29,42.3161621,-71.3347168,68.30,1.03,7
1750471900,25.13,50.86,100.83,2.58,42.3161774,-71.3347321,66.60,0.72,7
1750471901,25.17,51.09,100.83,1.94,42.3161964,-71.3347397,65.00,4.37,7
1750471902,25.17,50.81,100.83,2.58,42.3162270,-71.3347702,63.30,4.57,7
1750471903,25.19,51.05,100.83,2.58,42.3162422,-71.3347855,61.20,3.47,7
1750471904,25.17,51.11,100.83,1.94,42.3162498,-71.3347702,60.40,5.88,7
1750471905,25.19,50.94,100.83,3.23,42.3162422,-71.3347626,59.00,1.91,7
1750471906,25.13,51.06,100.83,2.58,42.3162422,-71.3347626,58.00,1.74,6
1750471907,25.19,51.10,100.83,3.23,42.3162270,-71.3347473,56.90,1.56,6
1750471908,25.13,50.99,100.83,2.58,42.3162422,-71.3347626,56.80,1.82,5
1750471909,25.17,51.20,100.83,2.58,42.3162422,-71.3347626,56.60,1.36,5
1750471910,25.15,51.16,100.83,3.23,42.3162613,-71.3347626,57.20,4.29,6
1750471911,25.11,51.14,100.83,3.23,42.3162613,-71.3347702,56.70,2.13,7
1750471912,25.15,51.18,100.83,2.58,42.3162766,-71.3347855,56.40,4.59,7
1750471913,25.13,50.94,100.83,2.58,42.3162766,-71.3347855,54.70,3.53,7
1750471914,25.11,51.25,100.83,3.87,42.3162918,-71.3347855,55.40,3.76,7
1750471915,25.11,51.18,100.83,2.58,42.3162842,-71.3347855,54.60,0.50,7
1750471916,25.13,51.11,100.83,2.58,42.3162842,-71.3347855,54.10,2.50,7
1750471917,25.10,51.20,100.83,2.58,42.3163185,-71.3348541,51.00,6.63,8
1750471918,25.11,51.25,100.83,2.58,42.3163338,-71.3348694,48.70,5.31,8
1750471919,25.11,51.20,100.83,2.58,42.3162994,-71.3348541,49.20,3.55,7
1750471920,25.13,51.34,100.83,2.58,42.3163071,-71.3348541,47.70,3.55,6
1750471921,25.11,51.27,100.83,3.23,42.3162613,-71.3348160,49.30,0.80,7
1750471922,25.13,51.34,100.83,3.23,42.3162613,-71.3347626,52.10,5.57,6
1750471923,25.10,51.26,100.83,3.87,42.3162689,-71.3347321,53.70,5.73,6
1750471924,25.15,51.38,100.83,3.87,42.3162842,-71.3346863,54.80,6.14,6
1750471925,25.17,51.46,100.84,3.87,42.3162766,-71.3346710,55.00,5.27,5
1750471926,25.11,51.22,100.83,3.23,42.3162842,-71.3346634,55.80,5.49,5
1750471927,25.15,51.39,100.83,2.58,42.3162766,-71.3345795,56.90,9.59,6
1750471928,25.11,51.55,100.83,3.87,42.3162766,-71.3344955,55.80,12.26,6
1750471929,25.17,51.19,100.83,3.87,42.3162842,-71.3344650,55.70,11.85,6
1750471930,25.19,51.42,100.84,3.23,42.3162842,-71.3344269,55.70,12.34,5
1750471931,25.17,51.34,100.83,3.23,42.3162422,-71.3344040,62.00,11.04,5
1750471932,25.13,51.44,100.83,3.23,42.3162422,-71.3343735,62.20,11.03,5
1750471933,25.17,51.24,100.83,3.87,42.3162422,-71.3343506,62.40,11.02,5
1750471934,25.17,51.31,100.83,3.23,42.3161964,-71.3343735,67.10,7.89,6
1750471935,25.17,51.24,100.83,5.16,42.3161774,-71.3344879,67.40,3.48,6
1750471936,25.17,51.39,100.83,4.52,42.3161697,-71.3344727,67.80,3.12,6
1750471937,25.17,51.25,100.83,5.81,42.3161774,-71.3344879,64.30,2.52,6
1750471938,25.17,51.37,100.83,7.10,42.3161850,-71.3344955,65.90,1.72,6
1750471939,25.15,51.29,100.83,7.74,42.3162117,-71.3344879,63.60,0.72,7
1750471940,25.15,51.32,100.83,9.68,42.3162270,-71.3344727,59.60,0.60,7
1750471941,25.17,51.33,100.83,7.74,42.3162613,-71.3344040,61.00,5.64,8
1750471942,25.19,51.51,100.83,6.45,42.3162689,-71.3344269,59.40,3.03,8
1750471943,25.19,51.33,100.83,6.45,42.3162498,-71.3344574,58.70,1.50,8
1750471944,25.19,51.39,100.83,7.74,42.3162613,-71.3344727,56.20,2.11,8
1750471945,25.21,51.18,100.83,7.74,42.3162613,-71.3344650,55.00,0.91,8
1750471946,25.19,51.39,100.83,5.16,42.3162498,-71.3344955,54.90,1.04,8
1750471947,25.19,51.39,100.84,7.74,42.3162613,-71.3344955,54.00,0.88,8
1750471948,25.21,51.28,100.84,7.74,42.3162613,-71.3344955,52.80,0.59,8
1750471949,25.19,51.39,100.83,7.74,42.3162270,-71.3345490,54.60,0.91,7
1750471950,25.21,51.37,100.83,7.10,42.3162270,-71.3345490,54.70,1.16,7
1750471951,25.17,51.59,100.84,7.74,42.3162422,-71.3345642,52.50,3.13,8
1750471952,25.17,51.38,100.83,7.10,42.3162193,-71.3345947,53.00,1.70,7
1750471953,25.21,51.39,100.84,7.74,42.3162117,-71.3346024,53.80,2.18,7
1750471954,25.17,51.43,100.83,7.74,42.3162117,-71.3346024,53.50,0.90,7
1750471955,25.17,51.39,100.83,7.74,42.3162041,-71.3346024,52.90,1.05,7
1750471956,25.15,51.42,100.83,7.74,42.3161964,-71.3346024,53.80,1.60,6
1750471957,25.19,51.48,100.83,7.74,42.3161964,-71.3346100,55.00,1.40,8
1750471958,25.21,51.44,100.83,6.45,42.3162117,-71.3346252,50.00,0.86,8
1750471959,25.21,51.32,100.83,7.74,42.3162117,-71.3346252,51.30,1.16,8
1750471960,25.21,51.41,100.83,6.45,42.3162041,-71.3346252,51.20,1.16,8
1750471961,25.21,51.44,100.83,6.45,42.3162041,-71.3346252,53.20,2.91,8
1750471962,25.22,51.47,100.84,7.74,42.3161964,-71.3346252,53.70,1.88,8
1750471963,25.24,51.44,100.83,7.74,42.3161850,-71.3346100,55.40,4.21,8
1750471964,25.22,51.54,100.83,7.74,42.3161850,-71.3346252,53.00,1.84,8
1750471965,25.21,51.41,100.83,7.74,42.3161850,-71.3346252,53.30,1.18,8
1750471966,25.22,51.48,100.84,7.74,42.3161774,-71.3346252,53.20,1.76,8
1750471967,25.24,51.40,100.84,6.45,42.3161774,-71.3346405,52.20,0.78,7
1750471968,25.21,51.35,100.83,7.10,42.3161850,-71.3346329,52.90,1.30,8
1750471969,25.22,51.51,100.83,7.74,42.3161964,-71.3346329,52.60,0.89,8
1750471970,25.22,51.50,100.83,7.74,42.3161964,-71.3346634,51.90,1.28,7
1750471971,25.21,51.46,100.84,7.10,42.3161964,-71.3346786,52.10,1.76,8
1750471972,25.22,51.45,100.83,7.74,42.3161850,-71.3346863,52.30,2.37,8
1750471973,25.22,51.49,100.83,25.16,42.3162041,-71.3347015,53.20,2.14,7
1750471974,25.22,51.42,100.83,37.42,42.3161964,-71.3347092,53.20,2.38,7
1750471975,25.19,51.52,100.84,17.42,42.3161850,-71.3347321,52.50,3.10,6
1750472018,25.28,52.16,100.84,26.45,42.3161774,-71.3347855,45.50,4.73,5
1750472019,25.28,51.85,100.84,13.55,42.3161697,-71.3348083,43.70,3.36,5
1750472020,25.32,51.73,100.84,16.13,42.3161621,-71.3348389,42.40,3.52,5
1750472021,25.32,51.74,100.84,28.39,42.3161469,-71.3348541,43.30,2.12,5
1750472022,25.32,51.68,100.84,25.81,42.3161278,-71.3348770,43.10,2.79,4
1750472023,25.32,51.60,100.84,23.87,42.3161278,-71.3348846,43.70,2.88,4
1750472024,25.33,51.55,100.84,22.58,42.3161125,-71.3349152,43.80,3.36,4
1750472027,25.35,51.54,100.83,25.16,42.3161049,-71.3349075,42.30,5.24,4
1750472028,25.33,51.33,100.84,25.16,42.3161201,-71.3349228,43.80,0.37,4
1750472029,25.33,51.31,100.84,34.84,42.3161201,-71.3349838,42.00,3.49,4
1750472030,25.37,51.32,100.84,30.32,42.3161278,-71.3350143,43.00,3.79,4
1750472031,25.37,51.24,100.84,36.77,42.3161278,-71.3350830,43.80,9.04,4
1750472032,25.39,51.01,100.83,36.13,42.3161774,-71.3351364,37.60,11.20,5
1750472033,25.39,51.10,100.84,33.55,42.3161964,-71.3351517,36.60,9.10,4
1750472034,25.39,50.97,100.84,30.32,42.3161964,-71.3351593,41.10,3.48,6
1750472035,25.41,50.87,100.84,35.48,42.3161850,-71.3351822,48.70,3.92,6
1750472036,25.41,50.94,100.84,29.03,42.3162117,-71.3352203,51.90,7.50,6
1750472037,25.43,50.84,100.84,37.42,42.3162117,-71.3352432,53.90,5.65,6
1750472038,25.41,50.78,100.84,27.10,42.3161964,-71.3352432,59.60,2.12,6
1750472039,25.39,50.65,100.84,38.71,42.3161964,-71.3352509,61.40,2.16,6
1750472040,25.39,50.63,100.84,27.10,42.3161964,-71.3352585,63.30,2.46,6
1750472041,25.43,50.84,100.84,23.23,42.3161964,-71.3352585,65.20,1.56,5
1750472042,25.43,50.72,100.83,37.42,42.3162041,-71.3352814,63.10,2.33,5
1750472043,25.43,50.72,100.84,34.84,42.3162041,-71.3352585,64.20,1.24,4
1750472044,25.39,50.59,100.84,33.55,42.3161964,-71.3352509,66.20,0.34,4
1750472045,25.44,50.59,100.84,23.23,42.3161964,-71.3352509,66.10,0.89,4
1750472046,25.44,50.44,100.84,23.87,42.3162041,-71.3352585,64.10,0.99,4
1750472047,25.46,50.44,100.84,38.71,42.3162117,-71.3352585,65.70,0.74,4
1750472048,25.46,50.36,100.84,37.42,42.3162041,-71.3352509,63.60,0.64,3
1750472049,25.48,50.38,100.84,38.06,42.3161964,-71.3352509,64.50,0.58,3
1750472050,25.46,50.54,100.84,28.39,42.3161774,-71.3352585,65.70,0.53,4
1750472051,25.48,50.50,100.83,25.16,42.3161697,-71.3352585,66.90,0.54,4
1750472052,25.48,50.48,100.84,21.29,42.3161697,-71.3352585,67.90,0.66,4
1750472053,25.50,50.28,100.84,32.90,42.3161774,-71.3352127,66.40,0.44,4
1750472054,25.46,50.30,100.84,34.84,42.3161621,-71.3352127,67.30,0.41,4
1750472055,25.46,50.13,100.84,34.84,42.3161621,-71.3352127,68.10,0.33,4
1750472056,25.52,50.21,100.84,35.48,42.3161545,-71.3351898,68.30,0.90,4
1750472057,25.50,50.29,100.84,38.71,42.3161469,-71.3351822,68.70,2.02,4
1750472058,25.48,50.16,100.83,34.19,42.3161392,-71.3351822,69.20,1.68,4
1750472059,25.48,50.18,100.83,29.03,42.3161278,-71.3351822,69.70,1.32,3
1750472060,25.48,49.98,100.84,33.55,42.3161278,-71.3351822,70.10,0.85,3
1750472061,25.52,50.11,100.84,34.84,42.3161278,-71.3351669,70.50,0.74,3
1750472062,25.52,50.15,100.84,27.74,42.3161201,-71.3351593,70.60,1.62,3
1750472063,25.46,50.06,100.84,34.19,42.3161125,-71.3351364,70.90,2.09,3
1750472064,25.48,49.94,100.84,39.35,42.3161125,-71.3351364,71.10,2.16,3
1750472065,25.50,49.87,100.83,30.97,42.3160973,-71.3351669,72.50,1.78,4
1750472066,25.52,49.92,100.83,38.71,42.3160820,-71.3351898,73.80,2.19,4
1750472067,25.52,49.88,100.84,38.06,42.3160744,-71.3352127,74.40,1.84,4
1750472068,25.48,49.87,100.83,29.68,42.3160744,-71.3352203,75.00,1.49,4
1750472069,25.46,49.76,100.84,36.77,42.3160744,-71.3352280,75.80,1.15,4
1750472070,25.52,49.77,100.84,27.10,42.3160744,-71.3352432,76.20,1.29,4
1750472071,25.50,49.73,100.84,37.42,42.3160896,-71.3352203,77.30,0.92,5
1750472072,25.52,49.92,100.83,27.10,42.3160896,-71.3351898,79.10,0.49,5
1750472073,25.48,49.90,100.84,39.35,42.3161049,-71.3352127,79.30,1.67,4
1750472074,25.46,49.60,100.84,30.32,42.3161049,-71.3352127,79.70,1.06,4
1750472075,25.50,49.91,100.83,38.71,42.3161049,-71.3352280,80.20,2.03,4
1750472076,25.48,49.86,100.84,29.68,42.3160973,-71.3352280,80.50,1.39,4
1750472077,25.46,49.65,100.84,31.61,42.3160973,-71.3352280,80.90,0.94,4
1750472078,25.48,49.71,100.84,39.35,42.3161049,-71.3352432,80.60,2.00,5
1750472079,25.48,49.68,100.84,36.13,42.3161049,-71.3352432,80.50,1.70,5
1750472080,25.50,49.82,100.84,33.55,42.3160973,-71.3352280,80.80,0.98,6
1750472081,25.50,49.81,100.84,40.00,42.3160973,-71.3352127,80.60,0.59,5
1750472082,25.52,49.93,100.84,30.32,42.3160896,-71.3352127,80.40,0.70,5
1750472083,25.54,49.83,100.83,39.35,42.3160744,-71.3351974,80.30,0.57,5
1750472084,25.54,49.72,100.83,24.52,42.3160629,-71.3351898,80.70,0.62,5
1750472085,25.56,49.76,100.83,36.13,42.3160553,-71.3351822,80.60,0.82,4
1750472086,25.56,49.71,100.84,27.10,42.3160400,-71.3351822,80.50,1.32,4
1750472087,25.54,49.77,100.83,35.48,42.3160248,-71.3351593,80.60,2.01,5
1750472088,25.54,49.65,100.83,39.35,42.3160057,-71.3351517,80.30,2.39,5
1750472089,25.54,49.51,100.84,35.48,42.3159904,-71.3351517,80.10,2.62,5
1750472090,25.54,49.51,100.84,38.06,42.3159752,-71.3351212,79.80,3.00,5
1750472091,25.54,49.68,100.83,39.35,42.3159599,-71.3351135,79.60,3.49,5
1750472092,25.56,49.60,100.84,33.55,42.3159409,-71.3351135,79.20,3.79,5
1750472093,25.57,49.55,100.83,38.71,42.3159332,-71.3351059,78.80,3.39,4
1750472094,25.56,49.53,100.83,30.97,42.3159180,-71.3350906,78.60,4.03,4
1750472095,25.54,49.53,100.84,40.00,42.3159027,-71.3350830,78.40,4.34,4
1750472096,25.61,49.48,100.83,29.03,42.3159027,-71.3350754,78.00,3.95,6
1750472097,25.59,49.42,100.84,25.81,42.3158951,-71.3350754,78.00,4.19,6
1750472098,25.56,49.52,100.84,32.90,42.3158836,-71.3350754,78.00,4.08,6
1750472099,25.59,49.66,100.84,40.65,42.3158951,-71.3350601,78.00,2.81,5
1750472100,25.59,49.31,100.84,25.16,42.3158836,-71.3350601,77.90,2.73,5
1750472101,25.59,49.47,100.84,27.10,42.3158836,-71.3350525,77.80,3.01,5
1750472102,25.59,49.37,100.83,25.16,42.3159180,-71.3350449,77.80,1.43,5
1750472103,25.57,49.40,100.83,27.10,42.3159180,-71.3350296,77.70,1.56,5
1750472104,25.57,49.28,100.84,36.13,42.3159103,-71.3350296,77.50,1.36,6
1750472105,25.57,49.28,100.83,34.19,42.3159180,-71.3350296,77.60,1.21,5
1750472106,25.59,49.40,100.84,33.55,42.3159180,-71.3350449,77.50,0.41,5
1750472107,25.59,49.24,100.83,25.16,42.3159180,-71.3350449,77.30,0.58,5
1750472108,25.57,49.15,100.84,29.03,42.3159180,-71.3350449,76.80,0.39,4
1750472109,25.59,49.37,100.83,32.26,42.3159103,-71.3350449,76.60,0.56,4
1750472110,25.59,49.33,100.83,27.74,42.3159027,-71.3350449,76.50,1.30,4
1750472111,25.63,49.18,100.84,29.03,42.3159027,-71.3350449,76.10,1.23,4
1750472112,25.63,49.19,100.84,21.29,42.3159103,-71.3350296,75.80,0.86,5
1750472113,25.67,49.37,100.84,32.90,42.3159180,-71.3350296,75.70,0.49,6
1750472114,25.61,49.28,100.84,37.42,42.3159180,-71.3350525,75.70,0.96,5
1750472115,25.59,49.28,100.84,29.68,42.3159256,-71.3350525,75.70,1.47,5
1750472116,25.65,49.25,100.83,26.45,42.3159332,-71.3350525,75.70,0.73,5
1750472117,25.65,49.30,100.84,27.10,42.3159256,-71.3350601,75.60,1.06,5
1750472118,25.67,49.19,100.84,40.00,42.3159180,-71.3350601,75.40,1.30,5
1750472119,25.63,49.17,100.84,24.52,42.3159180,-71.3350754,75.20,1.51,4
1750472120,25.63,49.12,100.83,24.52,42.3159256,-71.3350830,75.30,0.91,4
1750472121,25.63,49.13,100.83,30.97,42.3159332,-71.3350830,75.40,0.41,5
1750472122,25.63,49.12,100.84,38.06,42.3159523,-71.3350830,75.60,1.16,5
1750472123,25.63,49.13,100.84,40.00,42.3159599,-71.3350830,75.80,1.37,5
1750472124,25.63,48.95,100.83,40.00,42.3159676,-71.3350830,76.00,1.57,5
1750472125,25.67,49.09,100.84,40.65,42.3159599,-71.3350906,75.90,1.18,5
1750472126,25.63,48.94,100.84,39.35,42.3159676,-71.3350906,76.00,1.63,5
1750472127,25.65,49.08,100.84,36.77,42.3159752,-71.3351135,76.10,2.71,5
1750472128,25.63,48.90,100.84,12.26,42.3159752,-71.3351212,76.00,2.31,5
1750472129,25.65,49.01,100.84,23.87,42.3159828,-71.3351135,76.00,1.84,5
1750472130,25.65,49.03,100.84,12.90,42.3159752,-71.3351212,75.80,2.16,5
1750472131,25.65,49.06,100.84,29.68,42.3159676,-71.3351135,75.60,1.32,4
1750472132,25.65,48.80,100.84,37.42,42.3159828,-71.3351135,75.60,0.72,4
1750472133,25.63,48.98,100.84,23.23,42.3159752,-71.3351212,75.70,1.33,4
1750472134,25.65,49.11,100.84,29.68,42.3159904,-71.3351135,75.70,0.42,4
1750472135,25.65,48.94,100.83,34.19,42.3159828,-71.3351135,75.80,0.41,4
1750472136,25.63,49.05,100.84,24.52,42.3159904,-71.3351059,75.80,0.33,4
1750472137,25.67,49.05,100.84,33.55,42.3160172,-71.3351059,76.10,2.19,5
1750472138,25.65,48.87,100.84,31.61,42.3160248,-71.3351059,76.30,1.63,5
1750472139,25.61,48.78,100.83,36.13,42.3160400,-71.3351059,76.20,2.55,4
1750472140,25.67,48.91,100.84,25.16,42.3160400,-71.3351135,76.20,2.47,4
1750472141,25.67,48.97,100.84,28.39,42.3160477,-71.3351135,76.20,2.45,4
1750472142,25.65,48.83,100.84,27.10,42.3160400,-71.3351059,76.40,0.87,4
1750472143,25.68,48.78,100.83,25.81,42.3160553,-71.3350830,76.20,1.59,3
1750472144,25.67,48.67,100.84,38.71,42.3160744,-71.3350830,76.10,2.04,3
1750472145,25.65,48.68,100.84,28.39,42.3160744,-71.3350906,76.10,1.91,3
1750472146,25.70,48.87,100.84,24.52,42.3160553,-71.3351059,76.00,0.74,3
1750472147,25.70,48.75,100.84,25.16,42.3160629,-71.3351135,76.00,1.87,4
1750472148,25.70,49.03,100.84,25.16,42.3160744,-71.3351212,75.90,2.72,4
1750472149,25.65,48.73,100.84,38.71,42.3160820,-71.3351517,75.90,3.12,4
1750472150,25.70,48.62,100.84,24.52,42.3160820,-71.3351669,76.00,3.36,4
1750472151,25.67,48.72,100.84,24.52,42.3160744,-71.3351822,76.00,3.49,4
1750472152,25.68,48.74,100.84,23.87,42.3160744,-71.3351898,75.90,3.50,3
1750472153,25.67,48.59,100.84,21.94,42.3160744,-71.3351974,75.80,3.42,3
1750472154,25.70,48.82,100.84,21.94,42.3161049,-71.3351669,75.30,2.80,4
1750472155,25.68,48.67,100.84,18.71,42.3161278,-71.3351364,74.90,3.04,5
1750472156,25.72,48.61,100.83,19.35,42.3161392,-71.3351059,74.60,2.29,6
1750472157,25.70,48.80,100.84,36.77,42.3161621,-71.3350906,74.40,3.08,6
1750472158,25.68,48.57,100.84,26.45,42.3161774,-71.3350830,74.30,3.83,5
1750472159,25.72,48.58,100.84,27.10,42.3161964,-71.3350754,74.20,3.91,5
1750472160,25.74,48.61,100.83,21.94,42.3161964,-71.3350601,74.10,2.81,5
1750472161,25.70,48.80,100.83,33.55,42.3162346,-71.3350449,74.00,4.74,5
1750472162,25.72,48.60,100.83,19.35,42.3162422,-71.3350449,73.90,5.11,4
1750472163,25.72,48.70,100.83,16.77,42.3162613,-71.3350449,73.80,5.71,4
1750472164,25.72,48.62,100.84,30.32,42.3162766,-71.3350296,73.70,5.62,4
1750472165,25.68,48.63,100.83,26.45,42.3162842,-71.3350143,73.60,5.69,4
1750472166,25.72,48.48,100.83,38.71,42.3162842,-71.3350143,73.50,4.40,4
1750472167,25.72,48.44,100.83,27.74,42.3162918,-71.3350143,73.50,4.19,4
1750472168,25.72,48.43,100.84,29.68,42.3162994,-71.3350067,73.30,4.97,5
1750472169,25.74,48.48,100.84,33.55,42.3162994,-71.3350067,73.10,4.99,5
1750472170,25.72,48.49,100.83,36.77,42.3162994,-71.3350067,72.90,4.19,5
1750472171,25.74,48.60,100.84,37.42,42.3163185,-71.3349915,72.80,5.10,5
1750472172,25.74,48.74,100.83,45.81,42.3163185,-71.3349915,72.60,4.79,5
1750472247,25.68,48.45,100.84,32.90,42.3160248,-71.3348389,69.40,1.10,5
1750472248,25.87,48.35,100.84,33.55,42.3160400,-71.3348160,68.90,2.57,5
1750472249,25.89,48.39,100.84,20.65,42.3160400,-71.3348389,68.40,2.01,5
1750472250,25.85,48.39,100.84,25.81,42.3160324,-71.3348465,67.40,0.69,5
1750472251,25.90,48.42,100.84,30.97,42.3160248,-71.3348465,66.50,0.04,5
1750472252,25.90,48.34,100.84,34.19,42.3160324,-71.3348541,66.00,1.40,5
1750472253,25.87,48.32,100.84,36.13,42.3160324,-71.3348694,66.20,1.19,5
1750472254,25.90,48.56,100.84,30.32,42.3160172,-71.3348770,65.50,2.21,5
1750472255,25.90,48.37,100.84,33.55,42.3160172,-71.3348846,65.50,0.95,5
1750472256,25.90,48.45,100.84,41.29,42.3160248,-71.3349075,66.00,1.58,5
1750472257,25.89,48.34,100.84,27.74,42.3160057,-71.3349075,64.90,1.06,5
1750472258,25.87,48.49,100.83,28.39,42.3160057,-71.3349228,64.70,1.88,5
1750472259,25.92,48.38,100.84,37.42,42.3159828,-71.3349686,67.70,2.24,5
1750472260,25.90,48.33,100.84,30.97,42.3159752,-71.3349915,70.30,1.83,5
1750472261,25.90,48.43,100.84,40.00,42.3159599,-71.3350067,71.40,1.47,5
1750472262,25.92,48.41,100.84,34.19,42.3159409,-71.3350296,72.70,2.36,5
1750472263,25.94,48.51,100.84,28.39,42.3159332,-71.3350449,75.30,2.18,5
1750472264,25.94,48.69,100.84,30.32,42.3159256,-71.3350525,77.10,1.98,5
1750472265,25.92,48.79,100.83,40.00,42.3159180,-71.3350601,76.60,2.33,4
1750472266,25.92,48.70,100.84,40.65,42.3159256,-71.3350601,75.90,2.09,4
1750472267,25.96,48.47,100.84,25.81,42.3159256,-71.3350754,76.10,2.03,4
1750472268,25.94,48.75,100.84,30.32,42.3159256,-71.3350830,75.70,1.87,4
1750472269,25.96,48.77,100.84,24.52,42.3159332,-71.3350906,76.10,1.92,4
1750472270,25.92,48.53,100.84,26.45,42.3159332,-71.3350906,76.10,1.81,4
1750472271,25.94,48.48,100.84,30.32,42.3159332,-71.3351059,75.50,2.18,4
1750472272,25.92,48.73,100.84,40.65,42.3159332,-71.3351135,75.30,2.01,4
1750472273,25.96,48.49,100.84,24.52,42.3159256,-71.3351135,75.00,2.11,4
1750472274,25.96,48.73,100.84,38.06,42.3159256,-71.3351059,76.00,1.93,4
1750472275,25.98,48.51,100.84,23.87,42.3159256,-71.3351059,76.80,1.16,4
1750472276,25.94,48.50,100.84,34.84,42.3159332,-71.3351059,76.00,1.49,5
1750472277,25.98,48.62,100.83,23.87,42.3159256,-71.3351059,76.40,2.21,5
1750472278,25.98,48.52,100.84,27.74,42.3159180,-71.3351059,77.20,2.11,5
1750472279,25.98,48.57,100.84,23.87,42.3159027,-71.3351669,77.00,3.12,6
1750472280,26.02,48.56,100.84,23.23,42.3158836,-71.3351822,77.30,2.46,6
1750472281,26.00,48.40,100.84,30.32,42.3158607,-71.3352127,77.10,2.58,6
1750472282,26.00,48.48,100.83,30.97,42.3158531,-71.3352203,77.70,2.45,5
1750472283,26.00,48.51,100.84,29.68,42.3158531,-71.3352280,77.70,2.12,5
1750472284,25.98,48.47,100.84,24.52,42.3158379,-71.3352280,77.90,2.57,5
1750472285,26.00,48.47,100.84,24.52,42.3158379,-71.3352432,77.50,2.69,5
1750472286,26.03,48.46,100.84,27.74,42.3158302,-71.3352585,76.40,3.34,4
1750472287,26.00,48.52,100.84,23.87,42.3158379,-71.3352509,76.00,2.29,4
1750472288,26.00,48.38,100.84,29.03,42.3158379,-71.3352585,76.10,1.83,4
1750472289,25.96,48.38,100.84,24.52,42.3158379,-71.3352814,76.20,1.54,4
1750472290,25.94,48.41,100.84,25.16,42.3158379,-71.3352814,75.40,1.87,5
1750472291,25.98,48.35,100.84,23.87,42.3158379,-71.3352585,75.00,1.75,5
1750472292,25.96,48.40,100.84,30.32,42.3158531,-71.3352509,74.20,1.57,5
1750472293,25.96,48.49,100.84,36.13,42.3158455,-71.3352432,74.30,2.11,5
1750472294,26.00,48.40,100.84,37.42,42.3158531,-71.3352432,73.90,1.44,4
1750472295,26.02,48.54,100.84,34.19,42.3158531,-71.3352432,74.30,0.58,4
1750472296,26.00,48.50,100.84,34.19,42.3158531,-71.3352432,74.30,0.50,4
1750472297,26.02,48.55,100.84,34.84,42.3158455,-71.3352432,73.70,1.18,4
1750472298,26.02,48.35,100.84,30.32,42.3158531,-71.3352432,73.80,0.87,4
1750472299,26.00,48.35,100.84,32.90,42.3158531,-71.3352203,72.90,1.94,4
1750472300,26.00,48.61,100.84,25.16,42.3158607,-71.3352203,72.80,1.73,5
1750472301,26.00,48.41,100.84,23.87,42.3158607,-71.3352127,72.50,1.68,5
1750472302,26.03,48.48,100.84,35.48,42.3158760,-71.3351974,72.60,0.76,5
1750472303,26.03,48.36,100.84,38.71,42.3158836,-71.3351974,72.40,0.63,4
1750472304,25.98,48.32,100.84,27.10,42.3158951,-71.3351974,73.20,0.19,4
1750472305,26.00,48.52,100.84,40.00,42.3159027,-71.3351898,73.50,0.91,4
1750472306,26.02,48.48,100.84,40.00,42.3159027,-71.3351669,74.10,1.88,5
1750472307,26.05,48.40,100.84,39.35,42.3159027,-71.3351517,74.60,3.25,5
1750472308,26.03,48.49,100.84,38.71,42.3159103,-71.3351517,74.70,1.85,5
1750472309,26.03,48.30,100.84,30.97,42.3159027,-71.3351517,74.40,1.89,5
1750472310,26.05,48.28,100.84,40.65,42.3159103,-71.3351517,74.50,0.97,5
1750472311,26.03,48.35,100.84,25.16,42.3159180,-71.3351364,75.00,1.28,5
1750472312,26.05,48.18,100.84,39.35,42.3159180,-71.3351212,75.20,1.59,4
1750472313,26.09,48.24,100.84,38.71,42.3159256,-71.3351212,75.60,1.72,4
1750472314,26.05,48.15,100.84,23.87,42.3159332,-71.3351212,76.00,2.02,4
1750472315,26.07,48.20,100.84,23.87,42.3159332,-71.3351364,76.50,2.23,5
1750472316,26.05,48.17,100.84,39.35,42.3159409,-71.3351212,76.80,1.98,5
1750472317,26.00,48.26,100.84,34.84,42.3159523,-71.3351364,76.80,2.61,5
1750472318,26.03,48.03,100.84,25.16,42.3159599,-71.3351364,77.20,3.45,5
1750472319,26.05,48.38,100.84,26.45,42.3159676,-71.3351364,77.80,2.67,4
1750472320,26.09,48.17,100.84,35.48,42.3159599,-71.3351517,77.90,2.44,4
1750472321,26.05,48.11,100.84,24.52,42.3159676,-71.3351517,78.10,2.15,4
1750472322,26.07,48.07,100.84,25.16,42.3159676,-71.3351364,78.30,1.17,4
1750472323,26.05,48.04,100.84,26.45,42.3159676,-71.3351364,78.90,1.74,4
1750472324,26.09,48.13,100.84,32.90,42.3159752,-71.3351364,79.20,1.02,5
1750472325,26.05,48.01,100.84,35.48,42.3159676,-71.3351364,79.60,0.77,5
1750472326,26.05,48.06,100.84,35.48,42.3159752,-71.3351212,79.80,1.95,5
1750472327,26.07,48.18,100.84,39.35,42.3159752,-71.3351212,79.80,2.01,5
1750472328,26.09,48.13,100.85,37.42,42.3159981,-71.3351135,80.00,2.48,5
1750472329,26.09,47.97,100.84,38.71,42.3160057,-71.3351059,79.90,3.00,5
1750472330,26.09,48.04,100.84,26.45,42.3160057,-71.3351059,79.90,2.28,5
1750472331,26.09,48.00,100.84,38.71,42.3160057,-71.3351135,80.20,1.90,6
1750472332,26.11,48.03,100.84,28.39,42.3160172,-71.3351135,80.50,1.64,6
1750472333,26.07,48.04,100.84,40.00,42.3160057,-71.3351135,80.40,1.21,6
1750472334,26.07,47.90,100.84,23.87,42.3160172,-71.3351135,80.70,1.22,6
1750472335,26.11,48.10,100.84,36.77,42.3160248,-71.3351212,81.50,1.57,5
1750472336,26.11,48.00,100.84,34.84,42.3160172,-71.3351212,81.70,0.86,5
1750472337,26.07,48.11,100.84,40.00,42.3160172,-71.3351212,81.50,0.41,5
1750472338,26.07,47.94,100.84,35.48,42.3160172,-71.3351212,82.10,0.87,5
1750472339,26.09,47.81,100.84,27.10,42.3160172,-71.3351135,82.50,1.25,5
1750472340,26.11,47.77,100.84,37.42,42.3160248,-71.3351059,82.40,0.82,5
1750472341,26.13,47.92,100.84,37.42,42.3160248,-71.3351059,82.20,0.57,5
1750472342,26.13,47.87,100.84,40.00,42.3160400,-71.3351135,82.50,1.30,5
1750472343,26.11,47.94,100.84,35.48,42.3160400,-71.3351212,82.30,1.57,5
1750472344,26.14,48.06,100.84,40.00,42.3160400,-71.3351212,82.30,1.50,5
1750472345,26.16,47.73,100.84,39.35,42.3160477,-71.3351135,81.80,1.45,5
1750472346,26.09,47.96,100.84,39.35,42.3160553,-71.3351059,81.70,1.11,5
1750472347,26.13,47.95,100.84,38.71,42.3160477,-71.3351059,81.40,0.82,5
1750472348,26.11,48.00,100.84,23.23,42.3160400,-71.3351059,81.40,0.71,5
1750472349,26.11,47.92,100.84,38.06,42.3160400,-71.3351059,81.10,0.48,4
1750472350,26.14,47.94,100.84,24.52,42.3160477,-71.3350754,81.00,1.56,4
1750472351,26.13,47.83,100.84,26.45,42.3160477,-71.3350830,80.90,0.69,4
1750472352,26.13,47.81,100.84,34.84,42.3160553,-71.3350830,80.90,0.99,5
1750472353,26.14,47.98,100.84,36.13,42.3160553,-71.3350830,80.50,0.92,5
1750472354,26.11,47.82,100.84,35.48,42.3160477,-71.3350754,79.90,0.61,6
1750472355,26.13,47.82,100.84,25.81,42.3160477,-71.3350754,79.60,0.29,6
1750472356,26.16,47.83,100.84,39.35,42.3160400,-71.3350754,79.00,0.33,6
1750472357,26.16,47.79,100.84,23.23,42.3160553,-71.3350754,78.50,0.47,6
1750472358,26.18,47.78,100.84,25.81,42.3160553,-71.3350601,78.20,0.39,5
1750472359,26.14,47.85,100.84,34.19,42.3160477,-71.3350601,77.80,0.76,5
1750472360,26.16,47.71,100.84,29.68,42.3160629,-71.3350449,78.10,1.02,5
1750472361,26.18,47.81,100.84,27.10,42.3160553,-71.3350525,77.80,0.88,5
1750472362,26.14,47.91,100.84,26.45,42.3160477,-71.3350449,77.60,0.90,5
1750472363,26.18,47.70,100.84,23.87,42.3160553,-71.3350449,78.00,0.45,5
1750472364,26.20,47.68,100.84,35.48,42.3160400,-71.3350525,77.80,0.50,5
1750472365,26.18,47.73,100.84,27.10,42.3160400,-71.3350525,77.70,0.71,5
1750472366,26.18,47.55,100.84,40.00,42.3160248,-71.3350525,78.60,0.38,5
1750472367,26.16,47.55,100.84,25.81,42.3160324,-71.3350525,78.80,0.10,5
1750472368,26.22,47.62,100.84,25.16,42.3160248,-71.3350525,78.80,0.79,5
1750472369,26.18,47.68,100.84,32.26,42.3160057,-71.3350601,78.70,1.07,4
1750472370,26.20,47.56,100.84,33.55,42.3159981,-71.3350601,78.90,0.97,4
1750472371,26.20,47.60,100.84,40.00,42.3159904,-71.3350754,79.00,0.99,4
1750472372,26.22,47.60,100.84,38.06,42.3159904,-71.3350601,79.30,1.60,4
1750472373,26.20,47.67,100.84,36.77,42.3159904,-71.3350525,79.60,2.00,4
1750472374,26.14,47.58,100.84,40.65,42.3159981,-71.3350525,79.90,1.26,4
1750472375,26.18,47.67,100.84,35.48,42.3160057,-71.3350449,80.30,1.69,4
1750472376,26.18,47.62,100.84,29.68,42.3160057,-71.3350296,80.60,2.13,4
1750472377,26.20,47.40,100.84,27.10,42.3160057,-71.3350296,80.70,1.73,4
1750472379,26.14,47.53,100.84,23.23,42.3160172,-71.3350296,78.90,1.81,3
1750472380,26.20,47.64,100.84,27.74,42.3160172,-71.3350449,79.00,0.67,3
1750472381,26.18,47.53,100.84,27.74,42.3160400,-71.3349686,79.00,5.08,3
1750472382,26.16,47.35,100.84,31.61,42.3160477,-71.3349533,79.10,4.53,3
1750472383,26.18,47.48,100.84,23.23,42.3160896,-71.3349686,78.90,3.29,4
1750472384,26.18,47.41,100.84,40.00,42.3160744,-71.3349533,79.10,3.43,4
1750472385,26.18,47.49,100.84,36.13,42.3160896,-71.3349380,79.30,4.94,4
1750472386,26.20,47.37,100.84,25.16,42.3160896,-71.3349533,79.40,3.14,4
1750472387,26.18,47.26,100.84,31.61,42.3160896,-71.3349533,79.50,2.29,4
1750472388,26.22,47.21,100.84,20.65,42.3161049,-71.3349686,79.60,2.14,4
1750472389,26.22,47.34,100.84,32.90,42.3161125,-71.3349533,80.00,2.47,5
1750472390,26.18,47.47,100.84,25.81,42.3161201,-71.3349762,80.40,1.79,4
1750472391,26.22,47.29,100.84,25.81,42.3161278,-71.3349915,80.60,2.40,3
1750472392,26.24,47.54,100.84,37.42,42.3161392,-71.3350143,80.80,2.59,4
1750472393,26.20,47.39,100.84,30.32,42.3161545,-71.3349838,80.90,2.90,4
1750472394,26.16,47.12,100.84,35.48,42.3161621,-71.3349686,81.10,3.53,4
1750472395,26.14,47.33,100.84,40.65,42.3161469,-71.3349762,81.20,2.19,4
1750472396,26.18,47.26,100.84,40.00,42.3161392,-71.3349533,81.50,2.54,5
1750472397,26.16,47.48,100.84,34.19,42.3161201,-71.3349533,81.70,2.13,5
1750472398,26.18,47.36,100.84,24.52,42.3161049,-71.3349762,81.90,1.21,5
1750472399,26.22,47.24,100.84,29.03,42.3161049,-71.3349762,82.00,0.76,5
1750472400,26.18,47.21,100.84,34.19,42.3161049,-71.3349762,82.00,0.86,5
1750472401,26.20,47.33,100.84,31.61,42.3160973,-71.3349762,82.00,0.51,5
1750472402,26.18,47.27,100.84,27.10,42.3160973,-71.3349762,82.00,1.04,5
1750472403,26.16,47.41,100.84,30.97,42.3161049,-71.3349762,82.00,0.64,5
1750472404,26.16,47.36,100.84,36.77,42.3161049,-71.3349762,82.00,0.85,3
1750472405,26.22,47.39,100.84,23.87,42.3160973,-71.3349762,82.00,0.57,4
1750472406,26.22,47.23,100.84,24.52,42.3161049,-71.3349762,81.90,1.05,4
1750472407,26.22,47.45,100.84,35.48,42.3161278,-71.3349762,81.00,1.95,5
1750472408,26.22,47.31,100.84,29.03,42.3161278,-71.3349915,80.90,1.13,5
1750472409,26.18,47.28,100.84,21.29,42.3161125,-71.3349762,80.80,1.59,5
1750472410,26.16,47.29,100.84,38.06,42.3161201,-71.3349762,80.40,1.70,5
1750472411,26.18,47.36,100.84,38.71,42.3161125,-71.3349686,80.20,1.71,3
1750472412,26.20,47.29,100.84,24.52,42.3161125,-71.3349533,80.10,1.74,3
1750472413,26.22,47.36,100.84,25.81,42.3161125,-71.3349686,80.10,0.85,3
1750472414,26.22,47.49,100.84,24.52,42.3161278,-71.3349457,80.00,1.28,3
1750472415,26.22,47.39,100.84,24.52,42.3161278,-71.3349380,79.80,1.02,3
1750472429,26.22,47.21,100.84,14.84,42.3162346,-71.3351212,77.20,2.61,4
1750472430,26.20,47.08,100.84,14.19,42.3162270,-71.3351135,76.00,0.70,4
1750472437,26.20,47.29,100.84,13.55,42.3163185,-71.3350906,75.10,2.97,3
1750472438,26.16,47.22,100.84,14.19,42.3163071,-71.3351898,74.40,3.36,4
1750472439,26.20,47.36,100.84,13.55,42.3163490,-71.3352127,73.80,5.59,4
1750472440,26.20,47.23,100.84,12.26,42.3164062,-71.3352432,73.40,8.27,4
1750472442,26.20,47.24,100.84,14.19,42.3164558,-71.3352509,73.10,8.11,3
1750472443,26.22,47.38,100.84,17.42,42.3164635,-71.3352509,72.90,7.13,3
1750472444,26.20,47.30,100.84,21.94,42.3164558,-71.3352585,72.70,6.51,3
1750472445,26.24,47.38,100.84,16.77,42.3164558,-71.3352432,72.40,4.72,3
1750472446,26.18,47.20,100.84,18.06,42.3163338,-71.3353195,71.20,2.86,4
1750472447,26.20,47.28,100.84,25.16,42.3162270,-71.3353958,70.10,3.07,4
1750472448,26.24,47.39,100.84,23.23,42.3161469,-71.3354568,69.20,4.35,4
1750472449,26.25,47.31,100.84,33.55,42.3160896,-71.3355026,68.60,4.73,4
1750472450,26.25,47.42,100.84,23.23,42.3160477,-71.3355560,68.30,5.60,4
1750472451,26.20,47.41,100.84,25.16,42.3160057,-71.3355942,67.90,6.15,4
1750472452,26.24,47.42,100.84,23.23,42.3159752,-71.3356247,67.50,6.07,4
1750472453,26.20,47.54,100.84,32.26,42.3160324,-71.3354568,65.70,4.75,5
1750472454,26.24,47.54,100.84,28.39,42.3159904,-71.3354874,65.30,5.93,4
1750472455,26.25,47.36,100.84,40.00,42.3159676,-71.3355026,65.00,6.04,4
1750472456,26.24,47.46,100.84,25.81,42.3159332,-71.3355331,64.80,6.70,4
1750472457,26.29,47.52,100.84,27.10,42.3159332,-71.3354721,64.40,5.93,5
1750472458,26.27,47.54,100.84,34.84,42.3159676,-71.3353653,63.10,5.27,6
1750472459,26.27,47.58,100.84,30.97,42.3159904,-71.3352966,62.30,4.53,5
1750472460,26.27,47.53,100.84,23.87,42.3159904,-71.3353195,62.00,3.11,4
1750472461,26.25,47.63,100.84,40.00,42.3159599,-71.3353271,61.70,4.39,4
1750472462,26.25,47.58,100.84,38.71,42.3159599,-71.3353271,61.50,4.10,5
1750472463,26.29,47.58,100.84,24.52,42.3159676,-71.3353195,61.30,2.94,5
1750472464,26.25,47.39,100.84,41.29,42.3159752,-71.3352966,61.20,2.19,5
1750472465,26.27,47.61,100.84,27.74,42.3159904,-71.3352890,61.20,1.64,5
1750472466,26.27,47.45,100.84,40.00,42.3159904,-71.3352814,61.50,3.19,6
1750472467,26.31,47.54,100.84,34.19,42.3160057,-71.3352814,61.80,3.76,6
1750472474,26.31,47.53,100.84,26.45,42.3159981,-71.3352509,61.70,1.05,5
1750472475,26.25,47.61,100.84,23.87,42.3159981,-71.3352585,61.70,1.15,5
1750472476,26.29,47.63,100.85,21.94,42.3159828,-71.3352585,61.70,2.38,6
1750472477,26.29,47.48,100.84,36.13,42.3159752,-71.3352509,61.70,3.25,6
1750472478,26.29,47.36,100.84,34.84,42.3159752,-71.3352509,61.70,2.68,6
1750472479,26.29,47.44,100.84,28.39,42.3159828,-71.3352280,61.70,2.74,5
1750472480,26.31,47.40,100.84,36.77,42.3159904,-71.3352280,61.80,1.46,5
1750472481,26.31,47.61,100.84,27.10,42.3159981,-71.3352203,61.80,1.58,5
1750472482,26.29,47.47,100.84,35.48,42.3160057,-71.3352127,61.80,1.43,5
1750472483,26.33,47.47,100.84,25.16,42.3160057,-71.3352280,61.80,0.73,5
1750472484,26.27,47.60,100.84,30.97,42.3160057,-71.3352127,61.80,1.45,5
1750472485,26.31,47.62,100.84,27.74,42.3160057,-71.3351974,61.80,2.06,4
1750472486,26.29,47.44,100.84,6.45,42.3160057,-71.3352127,61.80,1.75,3
1750472487,26.31,47.62,100.85,3.87,42.3160057,-71.3352127,61.70,0.68,3
1750472573,26.33,46.94,100.85,39.35,42.3160629,-71.3351669,75.30,9.81,4
1750472574,26.71,46.83,100.84,34.84,42.3160744,-71.3351517,74.40,9.59,4
1750472575,26.73,46.82,100.84,43.23,42.3160896,-71.3351669,78.40,4.86,4
1750472576,26.71,46.86,100.84,45.16,42.3160820,-71.3351593,79.40,2.99,3
1750472577,26.73,46.61,100.85,44.52,42.3160820,-71.3351517,79.00,1.25,3
1750472578,26.75,46.72,100.84,44.52,42.3160629,-71.3351135,79.10,5.65,3
1750472579,26.79,46.66,100.85,42.58,42.3160744,-71.3351135,78.80,4.42,3
1750472580,26.75,46.74,100.84,23.87,42.3160744,-71.3350906,78.90,2.74,3
1750472581,26.79,46.47,100.85,20.65,42.3160973,-71.3351059,78.90,1.69,3
1750472582,26.75,46.71,100.84,23.87,42.3161049,-71.3351059,78.70,1.56,3
1750472584,26.81,46.56,100.84,35.48,42.3161125,-71.3351135,78.80,3.20,3
1750472585,26.77,46.70,100.84,25.81,42.3161125,-71.3351212,79.00,3.82,3
1750472600,26.79,46.35,100.84,43.87,42.3160973,-71.3351135,77.20,5.28,4
1750472601,26.86,46.39,100.84,43.23,42.3160896,-71.3351059,76.60,4.96,4
1750472602,26.90,46.41,100.84,12.90,42.3160744,-71.3351059,75.90,5.95,3
1750472603,26.92,46.48,100.84,18.71,42.3161049,-71.3351059,74.90,1.05,3
1750472604,26.88,46.71,100.84,18.71,42.3161049,-71.3351135,74.40,1.10,3
